feature	metadata	value	coef	stderr	N	N.not.0	pval	qval
ATTTACTGGGCGTAAAGGGAGCGTAGGCGGATTTTTAAGTGGGATGTGAAATACCCGGGCTCAACCTGGGTGCTGCATTCCAAACTGGAAATCTAGAGTGCAGGAGGGGAAAGTGG	birth_mode	Vag	-1.80625187004196	0.349929870937052	138	29	8.5595571278849e-07	0.000186598345387891
ATTTATTGGGCGTAAAGCGAGCGCAGGCGGTTAGATAAGTCTGAAGTTAAAGGCTGTGGCTTAACCATAGTACGCTTTGGAAACTGTTTAACTTGAGTGCAGAAGGGGAGAGTGGA	birth_mode	CSseed	0.893954939045038	0.239768935488131	138	23	0.000282590856424236	0.0308024033502417
ATTTATTGGGTTTAAAGGGAGCGTAGGTGGATTGTTAAGTCAGTTGTGAAAGTTTGCGGCTCAACCGTAAAATTGCAGTTGAAACTGGCA	birth_mode	Vag	1.08701665863959	0.301765876414449	138	28	0.000442410660269352	0.0321485079795729
ATTTACTGGGCGTAAAGGGAGCGTAGGCGGATGATTAAGTGGGATGTGAAATACCCGGGCTCAACTTGGGTGCTGCATTCCAAACTGGTTATCTAGAGTGCAGGAGAGGAGAGTGG	birth_mode	Vag	-1.31532768399756	0.382836510739333	138	43	0.000785602982833602	0.0428153625644313
ATTTATTGGGTTTAAAGGGAGCGTAGATGGATGTTTAAGTCAGTTGTGAAAGTTTGCGGCTCAACCGTAAAATTGCAGTTGATACTGGAT	birth_mode	Vag	1.21746727561774	0.367442310146378	138	47	0.0011834567114135	0.0515987126176287
AATTATTGGGCGTAAAGCGCGCGCAGGCGGATAGGTCAGTCTGTCTTAAAAGTTCGGGGCTTAACCCCGTGATGGGATGGAAACTGCCAATCTAGAGTATCGGAGAGGAAAGTGGA	birth_mode	Vag	-0.787234622296159	0.249923675764346	138	25	0.00201149650922457	0.0730843731684927
AATTACTGGGCGTAAAGCGCACGCAGGCGGTTTGTTAAGTCAGATGTGAAATCCCCGGGCTCAACCTGGGAACTGCATCTGATACTGGCA	birth_mode	Vag	1.04667575334621	0.434123737773652	138	49	0.0172542709195025	0.239175984931704
ATTTATTGGGTTTAAAGGGAGCGTAGGCGGACGCTTAAGTCAGTTGTGAAAGTTTGCGGCTCAACCGTAAAATTGCAGTTGATACTGGGT	birth_mode	Vag	0.71000807296832	0.295007140672691	138	28	0.0174481838799674	0.239175984931704
ATTTATTGGGTTTAAAGGGAGCGTAGGCGGGTTGTTAAGTCAGTTGTGAAAGTTTGCGGCTCAACCGTAAAATTGCAGTTGATACTGGCG	birth_mode	Vag	0.385705605864537	0.165757321908183	138	16	0.0214571684501501	0.239175984931704
ATTTATTGGGTTTAAAGGGTGCGTAGGCGGCCTTTTAAGTCAGCGGTGAAAGTCTGTGGCTCAACCATAGAATTGCCGTTGAAACTGGGG	birth_mode	Vag	0.680371946339	0.252552437220091	138	23	0.00795683149690087	0.239175984931704
AATTACTGGGCGTAAAGCGCACGCAGGCGGTCTGTCAAGTCGGATGTGAAATCCCCGGGCTCAACCTGGGAACTGCATTCGAAACTGGCAGGCTGGAGTCTTGTAGAGGGGGGTAG	birth_mode	Vag	-0.91160520368777	0.34428611766584	138	24	0.00906603672862676	0.239175984931704
AATTACTGGGCGTAAAGCGCACGCAGGCGGTCTGTCAAGTCGGATGTGAAATCCCCGGGCTCAACCTGGGAACTGCATTCGAAACTGGCAGGCTGGAGTCTTGTAGAGGGGGGTAG	birth_mode	CSseed	-1.25540687804006	0.506775443470186	138	24	0.0144751849808635	0.239175984931704
ATTTATTGGGCGTAAAGCGAGCGCAGGCGGTTTCTTAAGTCTGATGTGAAAGCCCCCGGCTCAACCGGGGAGGGTCATTGGAAACTGGGAGACTTGAGTGCAGAAGAGGAGAGTGG	birth_mode	Vag	-0.878739747987182	0.341512025114849	138	49	0.0111594891337848	0.239175984931704
AATCACTGGGCGTAAAGCGCACGTAGGCGGCTTGGTAAGTCAGGGGTGAAATCCCACAGCCCAACTGTGGAACTGCCTTTGATACTGCCA	birth_mode	Vag	0.422643929545669	0.180522790574011	138	18	0.0206846367971176	0.239175984931704
AATTATTGGGCGTAAAGCGCGCGTAGGCGGTTTTTTAAGTCTGATGTGAAAGCCCACGGCTCAACCGTGGAGGGTCATTGGAAACTGGAAAACTTGAGTGCAGAAGAGGAAAGTGG	birth_mode	Vag	-0.694542564124766	0.296711421316668	138	52	0.0207070065985476	0.239175984931704
ATTTATTGGGTTTAAAGGGTGCGTAGGTGGTGATTTAAGTCAGCGGTGAAAGTTTGTGGCTCAACCATAAAATTGCCGTTGAAACTGGGT	birth_mode	Vag	0.512252849174485	0.196444139326744	138	26	0.0101431246797232	0.239175984931704
ATTTACTGGGTGTAAAGGGAGCGCAGGCGGTGCGGCAAGTCTGATGTGAAAGCCCGGGGCTCAACCCCGGTACTGCATTGGAAACTGTCG	birth_mode	Vag	0.429246852115209	0.178723716534355	138	27	0.0176789693014565	0.239175984931704
AATTACTGGGTGTAAAGGGTGCGTAGGTGGTATGGCAAGTCAGAAGTGAAAACCCAGGGCTTAACTCTGGGACTGCTTTTGAAACTGTCA	birth_mode	Vag	0.475503342781385	0.191414438589877	138	25	0.0142095539739651	0.239175984931704
ATTTACTGGGTGTAAAGGGAGCGTAGACGGCAAGGCAAGTCTGATGTGAAAACCCAGGGCTTAACCCTGGGACTGCATTGGAAACTGTCT	birth_mode	Vag	0.248240713846812	0.10708449496061	138	18	0.0219427509111655	0.239175984931704
AATTATTGGGCGTAAAGCGCGCGCAGGTGGTTTAATAAGTCTGATGTGAAAGCCCACGGCTCAACCGTGGAGGGTCATTGGAAACTGTTAAACTTGAGTGCAGGAGAGAAAAGTGG	birth_mode	Vag	-0.349038463856851	0.137366069145409	138	21	0.0121867206528571	0.239175984931704
ATTTATTGGGTTTAAAGGGAGCGTAGGTGGACTGGTAAGTCAGTTGTGAAAGTTTGCGGCTCAACCGTAAAATTGCAGTTGATACTGTCA	birth_mode	Vag	0.526230916758756	0.237817054781902	138	24	0.0285945799915529	0.245358422223205
AATTACTGGGCGTAAAGCGCACGCAGGCGGTCTGTCAAGTCGGATGTGAAATCCCCGGGCTCAACCTGGGAACTGCATTCGAAACTGGCAGGCTAGAGTCTTGTAGAGGGGGGTAG	birth_mode	Vag	-1.00419977842995	0.451536131273486	138	49	0.0278123917450782	0.245358422223205
ATTTACTGGGCGTAAAGGGAGCGTAGGCGGATTTTTAAGTGGGATGTGAAATACCCGGGCTCAACCTGGGTGCTGCATTCCAAACTGGAAATCTAGAGTGCAGGAGGGGAAAGTGG	birth_mode	CSseed	-1.14791130884241	0.515082823350169	138	29	0.0274946022198228	0.245358422223205
AATCACTGGGCGTAAAGCGTGCGTAGGCGGTTTCGTAAGTCGTGTGTGAAAGGCGGGGGCTCAACCCCCGGACTGCACATGATACTGCGA	birth_mode	Vag	0.361053111529641	0.163862714354902	138	15	0.0292629310908409	0.245358422223205
ATTTATTGGGTTTAAAGGGAGCGTAGGTGGACAGTTAAGTCAGTTGTGAAAGTTTGCGGCTCAACCGTAAAATTGCAGTTGATACTGGCT	birth_mode	Vag	0.440849474646978	0.196292929514931	138	18	0.0263369310321866	0.245358422223205
ATTTACTGGGCGTAAAGGGAGCGTAGGCGGATTTTTAAGTGAGATGTGAAATACCCGGGCTCAACTTGGGTGCTGCATTTCAAACTGGAAGTCTAGAGTGCAGGAGAGGAGAGTGG	birth_mode	CSseed	-0.728074828689574	0.32876369065477	138	17	0.0284656524811145	0.245358422223205
AATTATTGGGCGTAAAGGGCTCGTAGGCGGTTCGTCGCGTCCGGTGTGAAAGTCCATCGCTTAACGGTGGATCTGCGCCGGGTACGGGCG	birth_mode	Vag	0.593631170595337	0.276643296306444	138	22	0.0336748996920311	0.253142349409061
ATTTACTGGGTGTAAAGGGAGCGTAGACGGCGCAGCAAGTCTGATGTGAAAGGCAGGGGCTTAACCCCTGGACTGCATTGGAAACTGCTG	birth_mode	Vag	0.227005320879628	0.105149350319658	138	14	0.03262707102724	0.253142349409061
AATTATTGGGCGTAAAGCGCGCGCAGGTGGTTTAATAAGTCTGATGTGAAAGCCCACGGCTCAACCGTGGAGGGTCATTGGAAACTGTTAAACTTGAGTGCAGGAGAGAAAAGTGG	birth_mode	CSseed	0.43448801401178	0.202197378973285	138	21	0.0334318559547528	0.253142349409061
AATTATTGGGCGTAAAGCGCGCGCAGGCGGATAGGTCAGTCTGTCTTAAAAGTTCGGGGCTTAACCCCGTGATGGGATGGAAACTGCCAATCTAGAGTATCGGAGAGGAAAGTGGA	birth_mode	CSseed	-0.774513148524148	0.367877689864061	138	25	0.0371128102245777	0.269686420965265
ATTTATTGGGTTTAAAGGGTGCGTAGGCGGTTTGATAAGTTAGAGGTGAAATCCCGGGGCTTAACTCCGGAACTGCCTCTAATACTGTTA	birth_mode	Vag	0.304191659618786	0.147823559945483	138	20	0.0415333409826418	0.282945885444247
ATTTATTGGGTTTAAAGGGTGCGTAGGCGGTTTGATAAGTTAGAGGTGAAATACCGGTGCTTAACACCGGAACTGCCTCTAATACTGTTG	birth_mode	Vag	0.282270168704368	0.136546700293496	138	20	0.0406250308934677	0.282945885444247
ATTTACTGGGTGTAAAGGGAGTGTAGGTGGCCATGCAAGTCAGAAGTGAAAATCCGGGGCTCAACCCCGGAACTGCTTTTGAAACTGTAA	birth_mode	Vag	0.233556643041257	0.115371187647482	138	17	0.0449022416827013	0.296626929903906
AATTATTGGGCGTAAAGCGCGCGCAGGCGGATAGGTCAGTCTGTCTTAAAAGTTCGGGGCTTAACCCCGTGATGGGATGGAAACTGCCAA	birth_mode	Vag	-0.414480252056025	0.206189802494608	138	18	0.0464037602780648	0.297529992371121
AATTATTGGGCGTAAAGCGCGCGCAGGCGGATTGGTCAGTCTGTCTTAAAAGTTCGGGGCTTAACCCCGTGATGGGATGGAAACTGCCAA	birth_mode	CSseed	-0.960271249723312	0.483449268311774	138	37	0.0490260520051676	0.305362266775044
ATTTACTGGGTGTAAAGGGAGCGTAGACGGTTTTGCAAGTCTGAAGTGAAAGCCCGGGGCTTAACCCCGGGACTGCTTTGGAAACTGTAG	birth_mode	Vag	0.296177965936714	0.154026181870566	138	17	0.056597551404356	0.329383270511738
AATTATTGGGCGTAAAGAGCATGTAGGCGGCTTAATAAGTCGAGCGTGAAAATGCGGGGCTCAACCCCGTATGGCGCTGGAAACTGTTAG	birth_mode	Vag	0.278620507463635	0.144332735548528	138	20	0.0556534984377097	0.329383270511738
CCGGCGTAAAGAGTGTTTTAGATCACCCCCTCCCCAATAAAGCTAAAACTCACCTGAGTTGTAAAAAACTCCAGTTGACACAAAATAGAC	birth_mode	Vag	0.515664749872296	0.269066467435205	138	32	0.0574154324745232	0.329383270511738
ATTTACTGGGCGTAAAGGGAGCGTAGGCGGATGTTTAAGTGGGATGTGAAATACTCGGGCTCAACTTGAGTGCTGCATTCCAAACTGGATATCTAGAGTGCAGGAGAGGAAAGGAG	birth_mode	CSseed	-0.621116760874299	0.327829024911997	138	17	0.0602792923706234	0.336945788122972
ATTTATTGGGCGTAAAGCGAGCGCAGGCGGTTTGATAAGTCTGAAGTTAAAGGCTGTGGCTCAACCATAGTTCGCTTTGGAAACTGTCAAACTTGAGTGCAGAAGGGGAGAGTGGA	birth_mode	Vag	-0.726799262712313	0.391765276479958	138	59	0.0657501268171067	0.341274467764982
ATTTACTGGGTGTAAAGGGAGCGTAGACGGTGTGGCAAGTCTGATGTGAAAGGCATGGGCTCAACCTGTGGACTGCATTGGAAACTGTCATACTTGAGTGCCGGAGGGGTAAGCGG	birth_mode	Vag	-0.507670911514036	0.270602248816619	138	18	0.0628037489040744	0.341274467764982
ATTTATTGGGTTTAAAGGGTGCGTAGGCGGTTTGATAAGTTAGAGGTGAAATTTCGGGGCTCAACCCTGAACGTGCCTCTAATACTGTTG	birth_mode	Vag	0.322270393046959	0.173160176831634	138	22	0.0649034523455719	0.341274467764982
ATTTACTGGGCGTAAAGCGTGCGTAGGCGGCTAATTGAGTCGGATGTGAAATCCCCGAGCTTAACTTGGGAATTGCATTCGATACTGGTT	birth_mode	CSseed	-0.395566762771946	0.214637048308889	138	15	0.067528750119452	0.342355058745129
AATTATTGGGCGTAAAGGGCTCGTAGGCGGTTCGTCGCGTCCGGTGTGAAAGTCCATCGCTTAACGGTGGATCTGCGCCGGGTACGGGCGGGCTGGAGTGCGGTAGGGGAGACTGG	birth_mode	Vag	0.534261232751054	0.297267462296423	138	20	0.0745328227504415	0.369039865787251
ATTTACTGGGCGTAAAGGGAGCGTAGGCGGATTTTTAAGTGAGATGTGAAATACCCGGGCTCAACTTGGGTGCTGCATTTCAAACTGGAAGTCTAGAGTGCAGGAGAGGAGAGTGG	birth_mode	Vag	-0.399132971059381	0.223350945953408	138	17	0.0761779539469097	0.369039865787251
ATTTATTGGGTTTAAAGGGAGCGTAGGCGGATTGTTAAGTCAGTTGTGAAAGTTTGCGGCTCAACCGTAAAATTGCAGTTGATACTGGCA	birth_mode	Vag	0.250753851314063	0.145474520866523	138	15	0.0870520312320964	0.412550930621674
AATTACTGGGCGTAAAGGGTGCGCAGGCGGTTGAGTAAGACAGATGTGAAATCCCCGAGCTTAACTCGGGAATGGCATATGTGACTGCTC	birth_mode	Vag	0.277590366298065	0.163406295536461	138	21	0.0916652182958998	0.425170586989493
ATTTATTGGGTTTAAAGGGAGCGCAGACGGGTCGTTAAGTCAGCTGTGAAAGTTTGGGGCTCAACCTTAAAATTGCAGTTGATACTGGCG	birth_mode	Vag	0.262703553011358	0.158971234433812	138	16	0.100751970151082	0.439278589858716
ATTTACTGGGCGTAAAGGGAGCGTAGGCGGACTTTTAAGTGAGATGTGAAATACCCGGGCTCAACTTGGGTGCTGCATTTCAAACTGGAAGTCTAGAGTGCAGGAGAGGAGAATGG	birth_mode	Vag	-0.402212496155008	0.243060479460083	138	14	0.100291482117199	0.439278589858716
ATTTATTGGGTTTAAAGGGAGCGTAGGCGGGCTTTTAAGTCAGCGGTCAAATGCCACGGCTCAACCGTGGCCAGCCGTTGAAACTGCAAG	birth_mode	Vag	0.276749427685853	0.166857733741418	138	15	0.0995190545950115	0.439278589858716
ATTTATTGGGTTTAAAGGGAGCGTAGGCCGGAGATTAAGCGTGTTGTGAAATGTAGATGCTCAACATCTGAACTGCAGCGCGAACTGGTT	birth_mode	Vag	0.227363632873249	0.138418264786918	138	17	0.102796315572386	0.43940385872118
AATCATTGGGCGTAAAGGGTGCGTAGGTGGCGTACTAAGTCTGTAGTAAAAGGCAATGGCTCAACCATTGTAAGCTATGGAAACTGGTAT	birth_mode	CSseed	0.528492842688863	0.325850334185276	138	17	0.107160449244191	0.44924957567757
AATTATTGGGCGTAAAGCGCGCGTAGGCGGTTTTTTAAGTCTGATGTGAAAGCCCACGGCTCAACCGTGGAGGGTCATTGGAAACTGGAA	birth_mode	Vag	0.454289855261993	0.283764044949673	138	50	0.111727225189263	0.451046946134434
AATTACTGGGTGTAAAGGGAGTGTAGGCGGGATATCAAGTCAGAAGTGAAAATTACGGGCTCAACTCGTAACCTGCTTTTGAAACTGACA	birth_mode	Vag	0.151092269092088	0.093961772216841	138	15	0.110167362329748	0.451046946134434
ATTTACTGGGTGTAAAGGGAGCGTAGACGGCGAAGCAAGTCTGAAGTGAAAACCCAGGGCTCAACCCTGGGACTGCTTTGGAAACTGTTTTGCTAGAGTGTCGGAGAGGTAAGTGG	birth_mode	Vag	-0.227051924647993	0.144842310765879	138	17	0.119320173501659	0.452202867469338
AATTACTGGGTGTAAAGGGAGCGCAGGCGGGAAGACAAGTTGGAAGTGAAATCTATGGGCTCAACCCATAAACTGCTTTCAAAACTGTTT	birth_mode	Vag	0.257442482120574	0.162480964096783	138	23	0.1154318007404	0.452202867469338
AATTATTGGGTTTAAAGGGTGCGTAGGTTGCAAGGGAAGTCAGGGGTGAAAAGCTGTAGCTCAACTATGGTCTTGCCTTTGAAACTCTCT	birth_mode	Vag	0.202337765237975	0.128511381528158	138	16	0.117718661702946	0.452202867469338
AATTATTGGGCGTAAAGAGTGCGTAGGCGGCAAATTAAGTCAGATGTGAAAACTAAGGGCTCAACCCATAGATTGCATCTGAAACTGATA	birth_mode	Vag	0.239055406555288	0.152912028283887	138	22	0.120310854647805	0.452202867469338
AATTACTGGGTGTAAAGGGAGCGTAGGCGGGATCGCAAGTCAGATGTGAAAACTATGGGCTTAACCCATAAACTGCATTTGAAACTGTGG	birth_mode	Vag	0.193441119117701	0.124984659836082	138	14	0.124031074344953	0.458284308596606
ATTTACTGGGCGTAAAGGGAGCGTAGGCGGATGATTAAGTGGGATGTGAAATACCCGGGCTCAACTTGGGTGCTGCATTCCAAACTGGTTATCTAGAGTGCAGGAGAGGAGAGTGG	birth_mode	CSseed	-0.859550910138749	0.563520085624857	138	43	0.129517558186699	0.470580461411674
ATTTACTGGGTGTAAAGGGTGCGTAGGCGGCTTTGCAAGTCAGATGTGAAATCTATGGGCTCAACCCATAAACTGCATTTGAAACTGTAG	birth_mode	Vag	0.201293007947198	0.134069135304239	138	18	0.135584381675436	0.484547462381065
ATTTATTGGGCGTAAAGCGAGCGCAGGCGGTTTGATAAGTCTGAAGTTAAAGGCTGTGGCTCAACCATAGTTCGCTTTGGAAACTGTCAA	birth_mode	Vag	0.533512561563626	0.364076344777303	138	52	0.145140660039086	0.494385373258136
ATTTACTGGGTGTAAAGGGCGTGTAGGCGGAGAAGCAAGTCAGAAGTGAAATCCATGGGCTTAACCCATGAACTGCTTTTGAAACTGTTT	birth_mode	Vag	0.177569739813117	0.121100063092067	138	14	0.144890447006072	0.494385373258136
AATTATTGGGCGTAAAGAGGGAGCAGGCGGCACTAAGGGTCTGTGGTGAAAGATCGAAGCTTAACTTCGGTAAGCCATGGAAACCGTAGA	birth_mode	Vag	0.144158402406192	0.0974542561063714	138	14	0.141405393025071	0.494385373258136
ATTCATTGGGCGTAAAGCGCGCGTAGGCGGCCCGGCAGGCCGGGGGTCGAAGCGGGGGGCTCAACCCCCCGAAGCCCCCGGAACCTCCGC	birth_mode	Vag	0.369262306608177	0.255565555904371	138	23	0.15080790476213	0.503743202731303
AATTATTGGGCGTAAAGGGCTTGTAGGTGGCTGGTTGCGTCTGTCGTGAAAGCTCATGGCTTAACTGTGGGTTTGCGGTGGGTACGGGCT	birth_mode	Vag	0.263295948292259	0.182991411852338	138	14	0.15250941000122	0.503743202731303
AATTATTGGGCGTAAAGAGCTTGTAGGCGGTTTGTCGCGTCTGCTGTGAAAGGCCGGGGCTTAACTCCGTGTATTGCAGTGGGTACGGGCAGACTAGAGTGCAGTAGGGGAGACTG	birth_mode	CSseed	-0.38690566059267	0.275683111975933	138	15	0.162780621958368	0.529644411745136
AATTATTGGGCGTAAAGCGCGCGCAGGCGGATCAGTCAGTCTGTCTTAAAAGTTCGGGGCTTAACCCCGTGATGGGATGGAAACTGCTGA	birth_mode	CSseed	0.464555795408058	0.333621714697197	138	20	0.166071611521221	0.532406048700385
AATTATTGGGCGTAAAGAGGGAGCAGGCGGCAGCAAGGGTCTGTGGTGAAAGCCTGAAGCTTAACTTCAGTAAGCCATAGAAACCAGGCA	birth_mode	Vag	0.340989074468359	0.251192719983233	138	20	0.176893706109052	0.536105554718706
AATCACTGGGCGTAAAGCGTGCGTAGGCTGTTTCGTAAGTCGTGTGTGAAAGGCGCGGGCTCAACCCGCGGACGGCACATGATACTGCGA	birth_mode	Vag	0.304004171440785	0.222013457528356	138	26	0.173177584770548	0.536105554718706
ATTTACTGGGCGTAAAGGGAGCGTAGGCGGATGTTTAAGTGGGATGTGAAATACTCGGGCTCAACTTGAGTGCTGCATTCCAAACTGGATATCTAGAGTGCAGGAGAGGAAAGGAG	birth_mode	Vag	-0.304020421580679	0.222715965620322	138	17	0.174505121955192	0.536105554718706
ATTTACTGGGTGTAAAGGGAGCGTAGACGGTGTGGCAAGTCTGATGTGAAAGGCATGGGCTCAACCTGTGGACTGCATTGGAAACTGTCA	birth_mode	Vag	0.217751159286	0.160471307185662	138	24	0.17706238504471	0.536105554718706
ATTTATTGGGTTTAAAGGGAGCGTAGGTGGACTGGTAAGTCAGTTGTGAAAGTTTGCGGCTCAACCGTAAAATTGCAGTTGATACTGTCAGTCTTGAGTACAGTAGAGGTGGGCGG	birth_mode	Vag	0.410887530748228	0.309815816266589	138	26	0.187002370041354	0.550898873905611
AATTATTGGGCGTAAAGAGCTTGTAGGCGGTTTGTCGCGTCTGCTGTGAAAGGCCGGGGCTTAACTCCGTGTATTGCAGTGGGTACGGGCAGACTAGAGTGCAGTAGGGGAGACTG	birth_mode	Vag	-0.249624190417765	0.187289793835117	138	15	0.184834882491103	0.550898873905611
AATTACTGGGCGTAAAGGGTGCGCAGGCGGTTGAGTAAGACAGATGTGAAATCCCCGAGCTTAACTCGGGAATGGCATATGTGACTGCTC	birth_mode	CSseed	0.315156794134767	0.240527554371753	138	21	0.192328420028855	0.559034607550539
AATCACTGGGCGTAAAGGGTTCGCAGGCGGAAATGCAAGTCAGGTGTAAAAGGCAGTAGCTTAACTACTGTAAGCATTTGAAACTGCATA	birth_mode	CSseed	0.256518162916043	0.201302509255508	138	15	0.204749172265125	0.587306836234175
ATTTACTGGGCGTAAAGCGTGCGTAGGCGGCTAATTGAGTCGGATGTGAAATCCCCGAGCTTAACTTGGGAATTGCATTCGATACTGGTT	birth_mode	Vag	-0.181698545747477	0.145817160286044	138	15	0.214896352306659	0.608407854582488
AATTATTGGGCGTAAAGGGCTCGTAGGCGGTTCGTCGCGTCCGGTGTGAAAGTCCATCGCTTAACGGTGGATCCGCGCCGGGTACGGGCG	birth_mode	Vag	0.590304615358789	0.480084277610425	138	46	0.220991042472337	0.608421769750914
ATTTACTGGGTGTAAAGGGCGTGTAGGCGGGATTGCAAGTCAGATGTGAAAACTGGGGGCTCAACCTCCAGCCTGCATTTGAAACTGTAG	birth_mode	Vag	0.245365275316758	0.200544569157577	138	20	0.223274043945289	0.608421769750914
ATTTATTGGGTTTAAAGGGTGCGTAGGCGGTTTATTAAGTTAGTGGTTAAATATTTGAGCTAAACTCAATTGTGCCATTAATACTGGTAA	birth_mode	Vag	0.142789397447241	0.115665267218342	138	16	0.219159158932934	0.608421769750914
AATCATTGGGCGTAAAGGGTACGTAGGCGGCCTAGTAAGTTAGAAGTGAAATAATATAGCTCAACTATATAAAGCTTTTAAAACTGTTAG	birth_mode	Vag	0.138043671229032	0.113581597378416	138	14	0.22634619095288	0.609178637379356
ATTTATTGGGTTTAAAGGGAGCGTAGATGGATGTTTAAGTCAGTTGTGAAAGTTTGCGGCTCAACCGTAAAATTGCAGTTGATACTGGATATCTTGAGTGCAGTTGAGGCAGGCGG	birth_mode	CSseed	-0.444927831754669	0.37142575162695	138	23	0.233058073620019	0.619593415233708
AATTACTGGGTGTAAAGGGAGCGCAGGCGGGAGAACAAGTTGGAAGTGAAATCCATGGGCTCAACCCATGAACTGCTTTCAAAACTGTTT	birth_mode	Vag	0.138023417371888	0.116021127618859	138	16	0.236275815841604	0.62057985365626
ATTTATTGGGTTTAAAGGGAGCGTAGGTGGACTGGTAAGTCAGTTGTGAAAGTTTGCGGCTCAACCGTAAAATTGCAGTTGATACTGTCA	birth_mode	CSseed	0.413015955607726	0.350057226294691	138	24	0.240133719062845	0.622444052608439
ATTTACTGGGTGTAAAGGGAGCGTAGACGGATGGACAAGTCTGATGTGAAAGGCTGGGGCTCAACCCCGGGACTGCATTGGAAACTGCCC	birth_mode	Vag	0.0928052353976703	0.0790899577803794	138	15	0.242696075558336	0.622444052608439
ATTTATTGGGCGTAAAGCGAGCGCAGGCGGTTAGATAAGTCTGAAGTTAAAGGCTGTGGCTTAACCATAGTACGCTTTGGAAACTGTTTAACTTGAGTGCAAGAGGGGAGAGTGGA	birth_mode	CSseed	-0.375831827299241	0.325363735695127	138	29	0.250084668362214	0.633935554685613
ATTTACTGGGCGTAAAGGGTGCGTAGGCGGTCTTTTAAGTCAGGAGTGAAAGGCTACGGCTCAACCGTAGTAAGCTCTTGAAACTGGAGG	birth_mode	Vag	-0.240536218253964	0.211482212947203	138	20	0.257393009545261	0.644961794032952
AATAACTGGGCGTAAAGGGCACGCAGGCGGTGACTTAAGTGAGGTGTGAAAGCCCCGGGCTTAACCTGGGAATTGCATTTCATACTGGGT	birth_mode	Vag	0.406820836602451	0.364324525460243	138	40	0.266130009364883	0.651869011702746
ATTCATTGGGCGTAAAGAGCGCGTAGGCGGCCTCTCAAGCGGGATCTCTAATCCGAGGGCTCAACCCCCGGCCGGATCCCGAACTGGGAG	birth_mode	Vag	0.256666000985429	0.229425740742046	138	17	0.26524101440769	0.651869011702746
AATTATTGGGCGTAAAGAGCTTGTAGGCGGTTTGTCGCGTCTGCTGTGAAAGGCCGGGGCTTAACCCCGTGTATTGCAGTGGGTACGGGC	birth_mode	Vag	0.169664625811566	0.156469196132214	138	24	0.280150114852415	0.678585833753627
ATTTATTGGGTTTAAAGGGTGCGTAGGCGGTTTAGTAAGTCAGCGGTGAAATTTTGGTGCTTAACACCAAACGTGCCGTTGATACTGCTG	birth_mode	Vag	0.110772194022466	0.103619132757272	138	15	0.286962901539868	0.687449588304299
ATTTATTGGGCGTAAAGCGAGCGCAGGCGGTTTGATAAGTCTGAAGTTAAAGGCTGTGGCTCAACCATAGTTCGCTTTGGAAACTGTCAA	birth_mode	CSseed	-0.567701540688611	0.535905869026645	138	52	0.291340875446858	0.690351204863207
ATTTACTGGGCGTAAAGGGAGCGTAGGCGGATTTTTAAGTGGGATGTGAAATACCCGGGCTCAACCTGGGTGCTGCATTCCAAACTGGAA	birth_mode	CSseed	-0.430407375230795	0.412276227119078	138	22	0.29836130351905	0.699384560937127
ATTTATTGGGCGTAAAGCGAGCGCAGGCGGTTAGATAAGTCTGAAGTTAAAGGCTGTGGCTTAACCATAGTACGCTTTGGAAACTGTTTA	birth_mode	CSseed	-0.401424955311516	0.389007700877815	138	50	0.303954581880497	0.704915945212216
ATTTACTGGGCGTAAAGGGAGCGTAGGCGGATTTTTAAGTGAGATGTGAAATACCCGGGCTCAACTTGGGTGCTGCATTTCAAACTGGAA	birth_mode	Vag	0.305109738901036	0.3013422947078	138	22	0.31310924140266	0.718503311850314
AATTATTGGGCGTAAAGCGCGCGCAGGCGGCCTATCCAGTCTGTCTTAAAAGTTCGGGGCTCAACCCCGTGATGGGATGGAAACTAGTAG	birth_mode	Vag	0.162882443031404	0.16366433594635	138	20	0.321408516629189	0.729865173178784
AATAACTGGGCGTAAAGGGCACGCAGGCGGTGACTTAAGTGAGGTGTGAAAGCCCCGGGCTTAACCTGGGAATTGCATTTCATACTGGGTCGCTAGAGTACTTTAGGGAGGGGTAG	birth_mode	Vag	-0.335477575156948	0.342282930873956	138	44	0.328781181539532	0.738910284284722
AATTATTGGGCGTAAAGCGCGCGCAGGCGGATTGGTCAGTCTGTCTTAAAAGTTCGGGGCTTAACCCCGTGATGGGATGGAAACTGCCAATCTAGAGTATCGGAGAGGAAAGTGGA	birth_mode	Vag	-0.331022979029414	0.350522681819712	138	36	0.346667878705531	0.742862060469773
ATTTATTGGGTTTAAAGGGAGCGTAGGCCGGAGATTAAGCGTGTTGTGAAATGTAGACGCTCAACGTCTGCACTGCAGCGCGAACTGGTT	birth_mode	Vag	0.171601217720383	0.182054106384487	138	23	0.347577661320719	0.742862060469773
AATAACTGGGCGTAAAGGGCACGCAGGCGGTTATTTAAGTGAGGTGTGAAAGCCCCGGGCTTAACCTGGGAATTGCATTTCAGACTGGGT	birth_mode	CSseed	-0.252423991858763	0.264470142807975	138	18	0.34156094236108	0.742862060469773
ATTTACTGGGTGTAAAGGGAGCGTAGACGGAGTGGCAAGTCTGATGTGAAAACCCGGGGCTCAACCCCGGGACTGCATTGGAAACTGTCA	birth_mode	Vag	0.0848647442941942	0.0893204258315009	138	14	0.343751276732144	0.742862060469773
AATCACTGGGCGTAAAGGGTTCGCAGGCGGAAATGCAAGTCAGGTGTAAAAGGCAGTAGCTTAACTACTGTAAGCATTTGAAACTGCATA	birth_mode	Vag	0.130534990970028	0.136758124887415	138	15	0.341538978264712	0.742862060469773
ATTTACTGGGTGTAAAGGGAGCGTAGACGGTTGTGTAAGTCTGATGTGAAAGCCCGGGGCTCAACCCCGGGACTGCATTGGAAACTATGT	birth_mode	CSseed	0.204817813344187	0.220977163665966	138	16	0.355646440773921	0.752727418337036
AATTATTGGGCGTAAAGGGCTCGTAGGCGGTTCGTCGCGTCCGGTGTGAAAGTCCATCGCTTAACGGTGGATCCGCGCCGGGTACGGGCG	birth_mode	CSseed	-0.641814940070257	0.706664922589838	138	46	0.365374697145242	0.75858746645393
ATTTACTGGGTGTAAAGGGAGCGTAGACGGCATGGCAAGCCAGATGTGAAAGCCCGGGGCTCAACCCCGGGACTGCATTTGGAACTGTCA	birth_mode	CSseed	-0.399369565704684	0.438170138418249	138	27	0.363683694247848	0.75858746645393
ATTTATTGGGCGTAAAGGGCTCGTAGGCGGCTCGTCGCGTCCGGTGTGAAAGTCCATCGCTTAACGGTGGATCTGCGCCGGGTACGGGCG	birth_mode	Vag	0.277499205522474	0.31541319004235	138	22	0.380533358935187	0.762676407941255
AATTATTGGGCGTAAAGCGCGCGCAGGCGGATTGGTCAGTCTGTCTTAAAAGTTCGGGGCTTAACCCCGTGATGGGATGGAAACTGCCAATCTAGAGTATCGGAGAGGAAAGTGGA	birth_mode	CSseed	-0.458181240889472	0.515955417342604	138	36	0.376106817013972	0.762676407941255
AATTATTGGGCGTAAAGGGTACGCAGGCGGTTTAATAAGTCGAATGTTAAAGATCGGGGCTCAACCCCGTAAAGCATTGGAAACTGATAA	birth_mode	Vag	0.193387904312001	0.216820340777532	138	35	0.374019102786324	0.762676407941255
ATTTATTGGGCGTAAAGCGAGTGCAGGCGGCTCGATAAGTCTGATGTGAAAGCCTTCGGCTCAACCGGAGAATTGCATCAGAAACTGTCG	birth_mode	Vag	0.168950688776588	0.192359711917576	138	18	0.381338203970627	0.762676407941255
ATTTACTGGGCGTAAAGGGAGCGTAGGCGGATTTTTAAGTGAGATGTGAAATACCCGGGCTCAACTTGGGTGCTGCATTTCAAACTGGAA	birth_mode	CSseed	0.384271575150222	0.443563847628297	138	22	0.387847656065328	0.768643536565832
AATTATTGGGCGTAAAGGGCTCGTAGGCGGTTCGTCGCGTCCGGTGTGAAAGCCCATCGCTTAACGGTGGGTCTGCGCCGGGTACGGGCG	birth_mode	CSseed	-0.285317034799628	0.335279458385912	138	18	0.396285827575717	0.778291084788344
AATTACTGGGCGTAAAGCGCACGCAGGCGGTCTGTCAAGTCGGATGTGAAATCCCCGGGCTCAACCTGGGAACTGCATTCGAAACTGGCA	birth_mode	Vag	-0.413331284790831	0.504627524603414	138	47	0.41418327552013	0.782199792998463
ATTTATTGGGTTTAAAGGGAGCGTAGATGGATGTTTAAGTCAGTTGTGAAAGTTTGCGGCTCAACCGTAAAATTGCAGTTGATACTGGAT	birth_mode	CSseed	-0.441077586709444	0.540860435897314	138	47	0.416216403613861	0.782199792998463
ATTTATTGGGCGTAAAGCGAGCGCAGGCGGTTTCTTAAGTCTGATGTGAAAGCCCCCGGCTCAACCGGGGAGGGTCATTGGAAACTGGGA	birth_mode	CSseed	-0.362538150973134	0.438089364710739	138	45	0.40938933906018	0.782199792998463
ATTTATTGGGTTTAAAGGGAGCGTAGATGGATGTTTAAGTCAGTTGTGAAAGTTTGCGGCTCAACCGTAAAATTGCAGTTGATACTGGATATCTTGAGTGCAGTTGAGGCAGGCGG	birth_mode	Vag	-0.20917981711235	0.252334109074254	138	23	0.408579280760162	0.782199792998463
AATTATTGGGCGTAAAGAGCTTGTAGGCGGTTTGTCGCGTCTGCTGTGAAAGGCCGGGGCTTAACCCCGTGTATTGCAGTGGGTACGGGC	birth_mode	CSseed	-0.19184977472252	0.230316420531043	138	24	0.40632530128266	0.782199792998463
AATTATTGGGCGTAAAGGGCTCGTAGGCGGTTCGTCGCGTCCGGTGTGAAAGTCCATCGCTTAACGGTGGATCTGCGCCGGGTACGGGCGGGCTGGAGTGCGGTAGGGGAGACTGG	birth_mode	CSseed	0.343758947674138	0.43756585672369	138	20	0.433468869942423	0.807659945704685
ATTTACTGGGTGTAAAGGGAGCGTAGACGGCGAAGCAAGTCTGAAGTGAAAACCCAGGGCTCAACCCTGGGACTGCTTTGGAAACTGTTTTGCTAGAGTGTCGGAGAGGTAAGTGG	birth_mode	CSseed	-0.166120572723151	0.213202108668432	138	17	0.437243618527894	0.807789057958312
ATTCATTGGGCGTAAAGAGCGCGTAGGCGGCCTCTCAAGCGGGATCTCTAATCCGAGGGCTCAACCCCCGGCCGGATCCCGAACTGGGAG	birth_mode	CSseed	-0.2557109321257	0.33770554646898	138	17	0.450249098243459	0.824826079135076
ATTTATTGGGTTTAAAGGGAGCGTAGGTGGATTGTTAAGTCAGTTGTGAAAGTTTGCGGCTCAACCGTAAAATTGCAGTTGAAACTGGCAGTCTTGAGTACAGTAGAGGTGGGCGG	birth_mode	CSseed	-0.262335495681515	0.360197711907052	138	18	0.467685443854909	0.849628556336417
AATTACTGGGCGTAAAGCGCACGCAGGCGGTTTGTTAAGTCAGATGTGAAATCCCCGGGCTCAACCTGGGAACTGCATCTGATACTGGCAAGCTTGAGTCTCGTAGAGGGGGGTAG	birth_mode	Vag	0.360841985815823	0.505382384000448	138	46	0.476461095142109	0.858417510256032
ATTTATTGGGTTTAAAGGGAGCGTAGGCTGTCTATTAAGCGTGTTGTGAAATTTACCGGCTCAACCGGTGGCTTGCAGCGCGAACTGGTC	birth_mode	Vag	0.116555678312253	0.165683207536423	138	21	0.482964973204922	0.863002984907155
ATTTATTGGGCGTAAAGCGAGCGCAGGCGGTTTCTTAAGTCTGATGTGAAAGCCCCCGGCTCAACCGGGGAGGGTCATTGGAAACTGGGAGACTTGAGTGCAGAAGAGGAGAGTGG	birth_mode	CSseed	0.348302336041264	0.502692089798283	138	49	0.489578782419769	0.867708736321217
AATTATTGGGCGTAAAGAGGGAGCAGGCGGCAGCAAGGGTCTGTGGTGAAAGCCTGAAGCTTAACTTCAGTAAGCCATAGAAACCAGGCA	birth_mode	CSseed	0.251651198836466	0.369745672375728	138	20	0.4972863417031	0.872011847285608
AATTATTGGGTTTAAAGGGTGCGTAGGTTGCAAGGGAAGTCAGGGGTGAAAAGCTGTAGCTCAACTATGGTCTTGCCTTTGAAACTCTCT	birth_mode	CSseed	0.127931490825297	0.189163631709685	138	16	0.500006793168353	0.872011847285608
AATCACTGGGCGTAAAGCGTGCGTAGGCTGTTTCGTAAGTCGTGTGTGAAAGGCGCGGGCTCAACCCGCGGACGGCACATGATACTGCGA	birth_mode	CSseed	-0.206595743213716	0.326794960999513	138	26	0.528333458235176	0.881459754627323
AATTATTGGGCGTAAAGCGCGCGTAGGCGGTTTTTTAAGTCTGATGTGAAAGCCCACGGCTCAACCGTGGAGGGTCATTGGAAACTGGAAAACTTGAGTGCAGAAGAGGAAAGTGG	birth_mode	CSseed	0.278563952442949	0.436747386562844	138	52	0.524674586828621	0.881459754627323
AATTATTGGGCGTAAAGCGCGCGCAGGCGGATCAGTCAGTCTGTCTTAAAAGTTCGGGGCTTAACCCCGTGATGGGATGGAAACTGCTGATCTAGAGTATCGGAGAGGAAAGTGGA	birth_mode	CSseed	-0.186942572532411	0.296283406882343	138	16	0.529134343389216	0.881459754627323
ATTTACTGGGCGTAAAGGGTGCGTAGGCGGTCTTTCAAGTCAGGAGTGAAAGGCTACGGCTCAACCGTAGTAAGCTCTTGAAACTGGGAGACTTGAGTGCAGGAGAGGAGAGTGGA	birth_mode	Vag	-0.205987609950963	0.326826906196768	138	28	0.52958651480201	0.881459754627323
CCGGCGTAAAGAGTGTTTTAGATCACCCCCTCCCCAATAAAGCTAAAACTCACCTGAGTTGTAAAAAACTCCAGTTGACACAAAATAGAC	birth_mode	CSseed	-0.251194654154309	0.396055116255887	138	32	0.526996392903484	0.881459754627323
AATTATTGGGCGTAAAGGGCTTGTAGGTGGCTGGTTGCGTCTGTCGTGAAAGCTCATGGCTTAACTGTGGGTTTGCGGTGGGTACGGGCT	birth_mode	CSseed	-0.16972526152093	0.269356065011927	138	14	0.529684531450364	0.881459754627323
AATCATTGGGCGTAAAGGGTGCGTAGGTGGCGTACTAAGTCTGTAGTAAAAGGCAATGGCTCAACCATTGTAAGCTATGGAAACTGGTAT	birth_mode	Vag	0.13775589854868	0.221371709979798	138	17	0.534805280900958	0.883239024518248
AATTATTGGGCGTAAAGCGCGCGTAGGCGGTTTTTTAAGTCTGATGTGAAAGCCCACGGCTCAACCGTGGAGGGTCATTGGAAACTGGAA	birth_mode	CSseed	-0.243168143819165	0.417689364576237	138	50	0.561420068397229	0.920222367748842
AATTACTGGGCGTAAAGCGCACGCAGGCGGTCTGTCAAGTCGGATGTGAAATCCCCGGGCTCAACCTGGGAACTGCATTCGAAACTGGCA	birth_mode	CSseed	-0.406133767688206	0.742791603977388	138	47	0.585441587434417	0.93257879231649
AATTATTGGGCGTAAAGCGCGCGCAGGCGGATCAGTCAGTCTGTCTTAAAAGTTCGGGGCTTAACCCCGTGATGGGATGGAAACTGCTGATCTAGAGTATCGGAGAGGAAAGTGGA	birth_mode	Vag	-0.111123283901302	0.201284938326598	138	16	0.581813494854155	0.93257879231649
ATTTACTGGGCGTAAAGGGTGCGTAGGCGGTCTTTCAAGTCAGGAGTGAAAGGCTACGGCTCAACCGTAGTAAGCTCTTGAAACTGGGAGACTTGAGTGCAGGAGAGGAGAGTGGA	birth_mode	CSseed	-0.262595256831703	0.48107618003527	138	28	0.586070158474124	0.93257879231649
AATTATTGGGCGTAAAGAGCTTGTAGGCGGTTTGTCGCGTCTGCTGTGAAAGGCCGGGGCTTAACCCCGTGTATTGCAGTGGGTACGGGCAGACTAGAGTGCAGTAGGGGAGACTG	birth_mode	CSseed	0.115189501339532	0.207327461595908	138	15	0.579409286481303	0.93257879231649
AATTATTGGGCGTAAAGGGCTCGTAGGCGGTTCGTCGCGTCCGGTGTGAAAGTCCATCGCTTAACGGTGGATCCGCGCCGGGTACGGGCGGGCTTGAGTGCGGTAGGGGAGACTGG	birth_mode	CSseed	0.36478228619647	0.735247627678714	138	53	0.620605772428252	0.93325190674801
ATTTACTGGGCGTAAAGGGAGCGTAGGCGGATTTTTAAGTGGGATGTGAAATACCCGGGCTCAACCTGGGTGCTGCATTCCAAACTGGAA	birth_mode	Vag	0.137205635362432	0.280086542214428	138	22	0.625021919198209	0.93325190674801
ATTTACTGGGTGTAAAGGGAGCGTAGACGGCATGGCAAGCCAGATGTGAAAGCCCGGGGCTCAACCCCGGGACTGCATTTGGAACTGTCAGGCTAGAGTGTCGGAGAGGAAAGCGG	birth_mode	CSseed	-0.276233667778614	0.559187129326416	138	40	0.622115009453339	0.93325190674801
ATTTATTGGGCGTAAAGCGAGCGCAGGCGGTTAGATAAGTCTGAAGTTAAAGGCTGTGGCTTAACCATAGTACGCTTTGGAAACTGTTTA	birth_mode	Vag	0.139298679363147	0.264278691485604	138	50	0.5989961152643	0.93325190674801
AATAACTGGGCGTAAAGGGCACGCAGGCGGTGACTTAAGTGAGGTGTGAAAGCCCCGGGCTTAACCTGGGAATTGCATTTCATACTGGGT	birth_mode	CSseed	-0.263258957882507	0.536271181100539	138	40	0.624289697126387	0.93325190674801
ATTCATTGGGCGTAAAGCGCGCGTAGGCGGCCCGGCAGGCCGGGGGTCGAAGCGGGGGGCTCAACCCCCCGAAGCCCCCGGAACCTCCGC	birth_mode	CSseed	-0.192696053142833	0.376182312569591	138	23	0.609319270233402	0.93325190674801
ATTTACTGGGTGTAAAGGGCGTGTAGGCGGGATTGCAAGTCAGATGTGAAAACTGGGGGCTCAACCTCCAGCCTGCATTTGAAACTGTAG	birth_mode	CSseed	0.148780230140945	0.295193612973411	138	20	0.615076607617241	0.93325190674801
ATTTACTGGGTGTAAAGGGAGCGTAGACGGTTGTGTAAGTCTGATGTGAAAGCCCGGGGCTCAACCCCGGGACTGCATTGGAAACTATGT	birth_mode	Vag	0.0786833757771301	0.150124420493631	138	16	0.601053772906064	0.93325190674801
AATTACTGGGTGTAAAGGGAGCGCAGGCGGGAAGACAAGTTGGAAGTGAAATCTATGGGCTCAACCCATAAACTGCTTTCAAAACTGTTT	birth_mode	CSseed	-0.125190603124081	0.239165503372198	138	23	0.601521003334438	0.93325190674801
ATTTACTGGGTGTAAAGGGAGCGTAGACGGCATGGCAAGCCAGATGTGAAAGCCCGGGGCTCAACCCCGGGACTGCATTTGGAACTGTCA	birth_mode	Vag	-0.137236488856783	0.297677990867365	138	27	0.645523762382788	0.957307348295563
ATTTATTGGGCGTAAAGCGAGTGCAGGCGGTTCAATAAGTCTGATGTGAAAGCCTTCGGCTCAACCGGAGAATTGCATCAGAAACTGTTG	birth_mode	Vag	-0.0945940544760568	0.209448740710098	138	15	0.652257808525819	0.960758123369112
ATTTATTGGGTTTAAAGGGAGCGTAGGCGGACGCTTAAGTCAGTTGTGAAAGTTTGCGGCTCAACCGTAAAATTGCAGTTGATACTGGGT	birth_mode	CSseed	-0.18811562982157	0.434238753380058	138	28	0.66555516151102	0.973765269861761
AATTATTGGGCGTAAAGAGGGAGCAGGCGGCAGCAAGGGTCTGTGGTGAAAGCCTGAAGCTTAACTTCAGTAAGCCATAGAAACCAGGCAGCTAGAGTGCAGGAGAGGATCGTGGA	birth_mode	Vag	0.160505591034783	0.380288451876992	138	31	0.673650592696861	0.979038861386105
AATTATTGGGCGTAAAGAGGGAGCAGGCGGCAGCAAGGGTCTGTGGTGAAAGCCTGAAGCTTAACTTCAGTAAGCCATAGAAACCAGGCAGCTAGAGTGCAGGAGAGGATCGTGGA	birth_mode	CSseed	0.222044979511599	0.559769444533937	138	31	0.692235544907475	0.995158729236103
AATTATTGGGCGTAAAGCGCGCGCAGGCGGATCAGTCAGTCTGTCTTAAAAGTTCGGGGCTTAACCCCGTGATGGGATGGAAACTGCTGA	birth_mode	Vag	-0.0875077454584248	0.226651323386146	138	20	0.700038013505763	0.995158729236103
ATTTACTGGGCGTAAAGGGAGCGTAGGCGGACTTTTAAGTGAGATGTGAAATACCCGGGCTCAACTTGGGTGCTGCATTTCAAACTGGAAGTCTAGAGTGCAGGAGAGGAGAATGG	birth_mode	CSseed	0.134494644577025	0.357775338441075	138	14	0.707566986383468	0.995158729236103
ATTTATTGGGTTTAAAGGGTGCGTAGGCGGTTTGATAAGTTAGAGGTGAAATCCCGGGGCTTAACTCCGGAACTGCCTCTAATACTGTTA	birth_mode	CSseed	0.0827915441871501	0.217590388641298	138	20	0.704177774632425	0.995158729236103
ATTTACTGGGTGTAAAGGGAGCGTAGACGGCGCAGCAAGTCTGATGTGAAAGGCAGGGGCTTAACCCCTGGACTGCATTGGAAACTGCTG	birth_mode	CSseed	0.0605269246917823	0.154775652878825	138	14	0.696367669857468	0.995158729236103
AATTACTGGGCGTAAAGCGCACGCAGGCGGTTTGTTAAGTCAGATGTGAAATCCCCGGGCTCAACCTGGGAACTGCATCTGATACTGGCA	birth_mode	CSseed	-0.119534593766933	0.639012839735553	138	49	0.851893380577346	0.999627297617473
ATTTATTGGGTTTAAAGGGAGCGTAGGTGGATTGTTAAGTCAGTTGTGAAAGTTTGCGGCTCAACCGTAAAATTGCAGTTGAAACTGGCA	birth_mode	CSseed	0.0232763414528955	0.444187343018376	138	28	0.958285776349512	0.999627297617473
AATTACTGGGCGTAAAGCGCACGCAGGCGGTTTGTTAAGTCAGATGTGAAATCCCCGGGCTCAACCTGGGAACTGCATCTGATACTGGCAAGCTTGAGTCTCGTAGAGGGGGGTAG	birth_mode	CSseed	-0.210248845109423	0.743902726924438	138	46	0.777893750102282	0.999627297617473
AATTATTGGGCGTAAAGGGCTCGTAGGCGGTTCGTCGCGTCCGGTGTGAAAGTCCATCGCTTAACGGTGGATCCGCGCCGGGTACGGGCGGGCTTGAGTGCGGTAGGGGAGACTGG	birth_mode	Vag	-0.0851957123631152	0.499502401937942	138	53	0.864824192705677	0.999627297617473
AATTACTGGGCGTAAAGCGCACGCAGGCGGTCTGTCAAGTCGGATGTGAAATCCCCGGGCTCAACCTGGGAACTGCATTCGAAACTGGCAGGCTAGAGTCTTGTAGAGGGGGGTAG	birth_mode	CSseed	0.00822834143745628	0.664643188985708	138	49	0.990140647596991	0.999627297617473
ATTTATTGGGCGTAAAGGGCTCGTAGGCGGCTCGTCGCGTCCGGTGTGAAAGTCCATCGCTTAACGGTGGATCTGCGCCGGGTACGGGCG	birth_mode	CSseed	-0.131368144366178	0.464275644756609	138	22	0.777646339366655	0.999627297617473
ATTTACTGGGCGTAAAGGGAGCGTAGGCGGATGATTAAGTGGGATGTGAAATACCCGGGCTCAACTTGGGTGCTGCATTCCAAACTGGTT	birth_mode	Vag	-0.000537051192999007	0.377053042866622	138	30	0.998865645214425	0.999627297617473
ATTTACTGGGCGTAAAGGGAGCGTAGGCGGATGATTAAGTGGGATGTGAAATACCCGGGCTCAACTTGGGTGCTGCATTCCAAACTGGTT	birth_mode	CSseed	-0.130257543180416	0.555007051419878	138	30	0.814800833677188	0.999627297617473
AATTATTGGGCGTAAAGGGCTCGTAGGCGGTTCGTCGCGTCCGGTGTGAAAGTCCATCGCTTAACGGTGGATCTGCGCCGGGTACGGGCG	birth_mode	CSseed	0.0218545625508888	0.407207906375198	138	22	0.957277983464861	0.999627297617473
AATTATTGGGCGTAAAGGGCTCGTAGGCGGTTCGTCGCGTCCGGTGTGAAAGCCCATCGCTTAACGGTGGGTCTGCGCCGGGTACGGGCG	birth_mode	Vag	0.0270422747211536	0.227777538450484	138	18	0.90567183996297	0.999627297617473
ATTTATTGGGTTTAAAGGGAGCGTAGGCGGGTTGTTAAGTCAGTTGTGAAAGTTTGCGGCTCAACCGTAAAATTGCAGTTGATACTGGCG	birth_mode	CSseed	0.0649710865031152	0.243988171489334	138	16	0.790423806192424	0.999627297617473
ATTTATTGGGTTTAAAGGGTGCGTAGGCGGCCTTTTAAGTCAGCGGTGAAAGTCTGTGGCTCAACCATAGAATTGCCGTTGAAACTGGGG	birth_mode	CSseed	0.0420351510762842	0.37174712195602	138	23	0.910139399321412	0.999627297617473
AATTATTGGGCGTAAAGCGCGCGCAGGCGGATTGGTCAGTCTGTCTTAAAAGTTCGGGGCTTAACCCCGTGATGGGATGGAAACTGCCAA	birth_mode	Vag	-0.0582638959506113	0.328439102210058	138	37	0.859462966912157	0.999627297617473
ATTTATTGGGTTTAAAGGGAGCGTAGGTGGACTGGTAAGTCAGTTGTGAAAGTTTGCGGCTCAACCGTAAAATTGCAGTTGATACTGTCAGTCTTGAGTACAGTAGAGGTGGGCGG	birth_mode	CSseed	-0.13302285652583	0.456036533645447	138	26	0.770968782023035	0.999627297617473
AATCACTGGGCGTAAAGCGTGCGTAGGCGGTTTCGTAAGTCGTGTGTGAAAGGCGGGGGCTCAACCCCCGGACTGCACATGATACTGCGA	birth_mode	CSseed	0.0635620807614721	0.241199384681648	138	15	0.792547724787284	0.999627297617473
ATTTATTGGGCGTAAAGCGAGCGCAGGCGGTTTCTTAAGTCTGATGTGAAAGCCCCCGGCTCAACCGGGGAGGGTCATTGGAAACTGGGA	birth_mode	Vag	-0.0267500620226357	0.297623115938979	138	45	0.928516595066925	0.999627297617473
ATTTACTGGGTGTAAAGGGAGCGTAGACGGCATGGCAAGCCAGATGTGAAAGCCCGGGGCTCAACCCCGGGACTGCATTTGGAACTGTCAGGCTAGAGTGTCGGAGAGGAAAGCGG	birth_mode	Vag	-0.13055354025811	0.379892846595327	138	40	0.731637502045443	0.999627297617473
ATTTATTGGGTTTAAAGGGAGCGTAGGTGGACAGTTAAGTCAGTTGTGAAAGTTTGCGGCTCAACCGTAAAATTGCAGTTGATACTGGCT	birth_mode	CSseed	-0.00645308342321713	0.288935368871136	138	18	0.982214502382943	0.999627297617473
AATTATTGGGCGTAAAGCGCGCGCAGGCGGATAGGTCAGTCTGTCTTAAAAGTTCGGGGCTTAACCCCGTGATGGGATGGAAACTGCCAA	birth_mode	CSseed	0.0511891268229471	0.303503171451291	138	18	0.866315788657426	0.999627297617473
ATTTATTGGGCGTAAAGCGAGCGCAGGCGGTTTGATAAGTCTGAAGTTAAAGGCTGTGGCTCAACCATAGTTCGCTTTGGAAACTGTCAAACTTGAGTGCAGAAGGGGAGAGTGGA	birth_mode	CSseed	-0.0633033380004234	0.576662872933634	138	59	0.912750597771896	0.999627297617473
ATTTATTGGGTTTAAAGGGAGCGCAGACGGGTCGTTAAGTCAGCTGTGAAAGTTTGGGGCTCAACCTTAAAATTGCAGTTGATACTGGCG	birth_mode	CSseed	-0.00013905541538447	0.233999321190729	138	16	0.999526729861321	0.999627297617473
ATTTACTGGGTGTAAAGGGAGCGTAGACGGTTTTGCAAGTCTGAAGTGAAAGCCCGGGGCTTAACCCCGGGACTGCTTTGGAAACTGTAG	birth_mode	CSseed	0.0156377454606151	0.226720400905727	138	17	0.945112610930906	0.999627297617473
ATTTACTGGGTGTAAAGGGAGCGTAGACGGTGTGGCAAGTCTGATGTGAAAGGCATGGGCTCAACCTGTGGACTGCATTGGAAACTGTCATACTTGAGTGCCGGAGGGGTAAGCGG	birth_mode	CSseed	0.000186403394837193	0.398315725239822	138	18	0.999627297617473	0.999627297617473
ATTTATTGGGTTTAAAGGGAGCGTAGGTGGATTGTTAAGTCAGTTGTGAAAGTTTGCGGCTCAACCGTAAAATTGCAGTTGAAACTGGCAGTCTTGAGTACAGTAGAGGTGGGCGG	birth_mode	Vag	-0.00563839118008767	0.244706158166272	138	18	0.981651210756194	0.999627297617473
AATAACTGGGCGTAAAGGGCACGCAGGCGGTGACTTAAGTGAGGTGTGAAAGCCCCGGGCTTAACCTGGGAATTGCATTTCATACTGGGTCGCTAGAGTACTTTAGGGAGGGGTAG	birth_mode	CSseed	0.115787668219219	0.503826832350767	138	44	0.81858228903736	0.999627297617473
AATCACTGGGCGTAAAGCGCACGTAGGCGGCTTGGTAAGTCAGGGGTGAAATCCCACAGCCCAACTGTGGAACTGCCTTTGATACTGCCA	birth_mode	CSseed	0.0522794155141261	0.265722352878641	138	18	0.844323355635816	0.999627297617473
ATTTATTGGGTTTAAAGGGAGCGTAGGCGGATTGTTAAGTCAGTTGTGAAAGTTTGCGGCTCAACCGTAAAATTGCAGTTGATACTGGCA	birth_mode	CSseed	-0.0133392120388195	0.214132696739458	138	15	0.95042073082627	0.999627297617473
ATTTACTGGGCGTAAAGGGTGCGTAGGCGGTCTTTTAAGTCAGGAGTGAAAGGCTACGGCTCAACCGTAGTAAGCTCTTGAAACTGGAGG	birth_mode	CSseed	-0.0196748719175561	0.311293388705253	138	20	0.949697840565578	0.999627297617473
ATTTATTGGGCGTAAAGCGAGTGCAGGCGGTTCAATAAGTCTGATGTGAAAGCCTTCGGCTCAACCGGAGAATTGCATCAGAAACTGTTG	birth_mode	CSseed	-0.0789492194914823	0.308300198617515	138	15	0.798279602267991	0.999627297617473
ATTTATTGGGCGTAAAGCGAGCGCAGGCGGTTAGATAAGTCTGAAGTTAAAGGCTGTGGCTTAACCATAGTACGCTTTGGAAACTGTTTAACTTGAGTGCAGAAGGGGAGAGTGGA	birth_mode	Vag	0.0111301745082025	0.162890915492705	138	23	0.945624834304492	0.999627297617473
ATTTATTGGGCGTAAAGCGAGCGCAGGCGGTTAGATAAGTCTGAAGTTAAAGGCTGTGGCTTAACCATAGTACGCTTTGGAAACTGTTTAACTTGAGTGCAAGAGGGGAGAGTGGA	birth_mode	Vag	-0.0698996419301013	0.221041131402651	138	29	0.752317022094699	0.999627297617473
ATTTATTGGGTTTAAAGGGTGCGTAGGTGGTGATTTAAGTCAGCGGTGAAAGTTTGTGGCTCAACCATAAAATTGCCGTTGAAACTGGGT	birth_mode	CSseed	-0.067323739156005	0.289157943687565	138	26	0.816248470932257	0.999627297617473
AATTATTGGGCGTAAAGAGCATGTAGGCGGCTTAATAAGTCGAGCGTGAAAATGCGGGGCTCAACCCCGTATGGCGCTGGAAACTGTTAG	birth_mode	CSseed	0.0564127316367675	0.212452034257922	138	20	0.791005013819553	0.999627297617473
ATTTACTGGGTGTAAAGGGAGCGCAGGCGGTGCGGCAAGTCTGATGTGAAAGCCCGGGGCTCAACCCCGGTACTGCATTGGAAACTGTCG	birth_mode	CSseed	0.09127654916596	0.263074187595465	138	27	0.729160694863396	0.999627297617473
ATTTACTGGGTGTAAAGGGAGCGTAGACGGTGTGGCAAGTCTGATGTGAAAGGCATGGGCTCAACCTGTGGACTGCATTGGAAACTGTCA	birth_mode	CSseed	-0.0267786340004422	0.236207368495134	138	24	0.909906296016458	0.999627297617473
ATTTATTGGGTTTAAAGGGAGCGTAGGCCGGAGATTAAGCGTGTTGTGAAATGTAGACGCTCAACGTCTGCACTGCAGCGCGAACTGGTT	birth_mode	CSseed	-0.0245728499782428	0.267976388720133	138	23	0.92707405908302	0.999627297617473
AATTATTGGGCGTAAAGCGCGCGCAGGTGGTTTAATAAGTCTGATGTGAAAGCCCACGGCTCAACCGTGGAGGGTCATTGGAAACTGTTA	birth_mode	Vag	-0.0145966060635771	0.189602164425829	138	28	0.938749107218726	0.999627297617473
AATTATTGGGCGTAAAGCGCGCGCAGGTGGTTTAATAAGTCTGATGTGAAAGCCCACGGCTCAACCGTGGAGGGTCATTGGAAACTGTTA	birth_mode	CSseed	-0.0983558867562858	0.279086829324516	138	28	0.725072602819584	0.999627297617473
AATAACTGGGCGTAAAGGGCACGCAGGCGGTTATTTAAGTGAGGTGTGAAAGCCCCGGGCTTAACCTGGGAATTGCATTTCAGACTGGGT	birth_mode	Vag	-0.0159519459644975	0.179672081351047	138	18	0.929385413301224	0.999627297617473
AATTACTGGGTGTAAAGGGAGCGCAGGCGGGAGAACAAGTTGGAAGTGAAATCCATGGGCTCAACCCATGAACTGCTTTCAAAACTGTTT	birth_mode	CSseed	-0.0403486149239525	0.170778475761912	138	16	0.813586773652014	0.999627297617473
ATTTATTGGGTTTAAAGGGAGCGTAGGCCGGAGATTAAGCGTGTTGTGAAATGTAGATGCTCAACATCTGAACTGCAGCGCGAACTGGTT	birth_mode	CSseed	-0.0263735887416573	0.203746169021685	138	17	0.897199500686593	0.999627297617473
AATTACTGGGTGTAAAGGGTGCGTAGGTGGTATGGCAAGTCAGAAGTGAAAACCCAGGGCTTAACTCTGGGACTGCTTTTGAAACTGTCA	birth_mode	CSseed	0.0274052368429455	0.281754424664699	138	25	0.922659099795995	0.999627297617473
ATTTATTGGGTTTAAAGGGTGCGTAGGCGGTTTGATAAGTTAGAGGTGAAATACCGGTGCTTAACACCGGAACTGCCTCTAATACTGTTG	birth_mode	CSseed	-0.0294884051288655	0.200991300679717	138	20	0.883575978691673	0.999627297617473
AATTATTGGGCGTAAAGGGTACGCAGGCGGTTTAATAAGTCGAATGTTAAAGATCGGGGCTCAACCCCGTAAAGCATTGGAAACTGATAA	birth_mode	CSseed	-0.0294250417441808	0.319150900117147	138	35	0.92667748410691	0.999627297617473
ATTTATTGGGTTTAAAGGGTGCGTAGGCGGTTTGATAAGTTAGAGGTGAAATTTCGGGGCTCAACCCTGAACGTGCCTCTAATACTGTTG	birth_mode	CSseed	0.0125579867090612	0.254884878891339	138	22	0.960777543481582	0.999627297617473
ATTTATTGGGCGTAAAGCGAGTGCAGGCGGCTCGATAAGTCTGATGTGAAAGCCTTCGGCTCAACCGGAGAATTGCATCAGAAACTGTCG	birth_mode	CSseed	0.0832174095354284	0.283145829328624	138	18	0.769283402358782	0.999627297617473
ATTTACTGGGTGTAAAGGGTGCGTAGGCGGCTTTGCAAGTCAGATGTGAAATCTATGGGCTCAACCCATAAACTGCATTTGAAACTGTAG	birth_mode	CSseed	-0.041489793980384	0.197344423760399	138	18	0.833796935418013	0.999627297617473
ATTTACTGGGTGTAAAGGGAGCGTAGACGGCAAGGCAAGTCTGATGTGAAAACCCAGGGCTTAACCCTGGGACTGCATTGGAAACTGTCT	birth_mode	CSseed	0.0440303587261005	0.157624108663933	138	18	0.780413159722083	0.999627297617473
ATTTATTGGGTTTAAAGGGAGCGTAGGCTGTCTATTAAGCGTGTTGTGAAATTTACCGGCTCAACCGGTGGCTTGCAGCGCGAACTGGTC	birth_mode	CSseed	-0.0279785495543029	0.243879078087977	138	21	0.908835104479445	0.999627297617473
ATTTACTGGGTGTAAAGGGAGCGTAGACGGAGTGGCAAGTCTGATGTGAAAACCCGGGGCTCAACCCCGGGACTGCATTGGAAACTGTCA	birth_mode	CSseed	0.00242871282351995	0.131476106903731	138	14	0.985289065298237	0.999627297617473
AATTATTGGGCGTAAAGAGCTTGTAGGCGGTTTGTCGCGTCTGCTGTGAAAGGCCGGGGCTTAACCCCGTGTATTGCAGTGGGTACGGGCAGACTAGAGTGCAGTAGGGGAGACTG	birth_mode	Vag	0.04313367293925	0.140851273987525	138	15	0.759897048334904	0.999627297617473
ATTTACTGGGTGTAAAGGGAGTGTAGGTGGCCATGCAAGTCAGAAGTGAAAATCCGGGGCTCAACCCCGGAACTGCTTTTGAAACTGTAA	birth_mode	CSseed	0.0325911000992746	0.1698217900278	138	17	0.848098301775494	0.999627297617473
ATTTACTGGGTGTAAAGGGAGCGTAGACGGATGGACAAGTCTGATGTGAAAGGCTGGGGCTCAACCCCGGGACTGCATTGGAAACTGCCC	birth_mode	CSseed	-0.00974157853508666	0.116417265674046	138	15	0.933436303580419	0.999627297617473
ATTTACTGGGTGTAAAGGGCGTGTAGGCGGAGAAGCAAGTCAGAAGTGAAATCCATGGGCTTAACCCATGAACTGCTTTTGAAACTGTTT	birth_mode	CSseed	0.0121440469726554	0.178254466354392	138	14	0.945784869835948	0.999627297617473
AATTATTGGGCGTAAAGCGCGCGCAGGCGGCCTATCCAGTCTGTCTTAAAAGTTCGGGGCTCAACCCCGTGATGGGATGGAAACTAGTAG	birth_mode	CSseed	0.0474155839472534	0.240907379570751	138	20	0.84426377269132	0.999627297617473
ATTTATTGGGTTTAAAGGGAGCGTAGGCGGGCTTTTAAGTCAGCGGTCAAATGCCACGGCTCAACCGTGGCCAGCCGTTGAAACTGCAAG	birth_mode	CSseed	0.00901969184568578	0.245607933850269	138	15	0.970759365239536	0.999627297617473
AATCATTGGGCGTAAAGGGTACGTAGGCGGCCTAGTAAGTTAGAAGTGAAATAATATAGCTCAACTATATAAAGCTTTTAAAACTGTTAG	birth_mode	CSseed	-0.0567848187578293	0.167187584476949	138	14	0.734649952845472	0.999627297617473
AATTACTGGGTGTAAAGGGAGCGTAGGCGGGATCGCAAGTCAGATGTGAAAACTATGGGCTTAACCCATAAACTGCATTTGAAACTGTGG	birth_mode	CSseed	-0.00357621044973535	0.183972437938602	138	14	0.984519728572146	0.999627297617473
AATTATTGGGCGTAAAGAGGGAGCAGGCGGCACTAAGGGTCTGTGGTGAAAGATCGAAGCTTAACTTCGGTAAGCCATGGAAACCGTAGA	birth_mode	CSseed	0.00582991600396295	0.143448780889557	138	14	0.967642062640043	0.999627297617473
AATTACTGGGTGTAAAGGGAGTGTAGGCGGGATATCAAGTCAGAAGTGAAAATTACGGGCTCAACTCGTAACCTGCTTTTGAAACTGACA	birth_mode	CSseed	0.0195936364543076	0.138307983799251	138	15	0.887554464959198	0.999627297617473
AATTATTGGGCGTAAAGAGTGCGTAGGCGGCAAATTAAGTCAGATGTGAAAACTAAGGGCTCAACCCATAGATTGCATCTGAAACTGATA	birth_mode	CSseed	0.000261170811095964	0.225080411231409	138	22	0.999075892149957	0.999627297617473
ATTTATTGGGTTTAAAGGGTGCGTAGGCGGTTTAGTAAGTCAGCGGTGAAATTTTGGTGCTTAACACCAAACGTGCCGTTGATACTGCTG	birth_mode	CSseed	-0.0274611178459373	0.152523233614751	138	15	0.857386846994583	0.999627297617473
ATTTATTGGGTTTAAAGGGTGCGTAGGCGGTTTATTAAGTTAGTGGTTAAATATTTGAGCTAAACTCAATTGTGCCATTAATACTGGTAA	birth_mode	CSseed	-0.0474074484690319	0.170254663435384	138	16	0.781092821182739	0.999627297617473
